timestamp,simple-path,time
2022-02-26 12:03:58.121,/master/welcome,5607
2022-02-26 12:03:58.598,/master/welcome,412
2022-02-26 12:03:59.603,http://www.example.com,646
2022-02-26 12:04:00.647,/master/welcome,432
2022-02-26 12:04:01.06,/master/welcome,355
2022-02-26 12:04:03.539,/anonymous/user-account/create,2324
2022-02-26 12:04:06.869,/master/welcome,647
2022-02-26 12:04:09.224,/master/welcome,275
2022-02-26 12:04:10.012,/master/sign-in,631
2022-02-26 12:04:11.522,/master/welcome,616
2022-02-26 12:04:11.922,/master/welcome,291
2022-02-26 12:04:12.689,/master/welcome,616
2022-02-26 12:04:15.19,/master/welcome,341
2022-02-26 12:04:15.54,/master/welcome,305
2022-02-26 12:04:16.325,/anonymous/user-account/create,629
2022-02-26 12:04:18.558,/master/welcome,662
2022-02-26 12:04:20.93,/master/welcome,296
2022-02-26 12:04:21.729,/master/sign-in,646
2022-02-26 12:04:23.225,/master/welcome,616
2022-02-26 12:04:23.562,/master/welcome,277
2022-02-26 12:04:24.331,/master/welcome,630
2022-02-26 12:04:26.693,/master/welcome,263
2022-02-26 12:04:27.029,/master/welcome,294
2022-02-26 12:04:27.799,/anonymous/user-account/create,630
2022-02-26 12:04:30.521,/master/welcome,1183
2022-02-26 12:04:32.878,/master/welcome,277
2022-02-26 12:04:33.631,/master/sign-in,619
2022-02-26 12:04:35.156,/master/welcome,633
2022-02-26 12:04:35.568,/master/welcome,308
2022-02-26 12:04:36.324,/master/welcome,618
2022-02-26 12:04:38.821,/master/welcome,368
2022-02-26 12:04:39.204,/master/welcome,340
2022-02-26 12:04:40.085,/anonymous/user-account/create,659
2022-02-26 12:04:42.357,/master/welcome,630
2022-02-26 12:04:44.745,/master/welcome,306
2022-02-26 12:04:45.529,/master/sign-in,622
2022-02-26 12:04:47.007,/master/welcome,616
2022-02-26 12:04:47.361,/master/welcome,275
2022-02-26 12:04:48.118,/master/welcome,616
2022-02-26 12:04:50.564,/master/welcome,326
2022-02-26 12:04:50.901,/master/welcome,297
2022-02-26 12:04:51.671,/anonymous/user-account/create,617
2022-02-26 12:04:53.856,/master/welcome,614
2022-02-26 12:04:56.189,/master/welcome,261
2022-02-26 12:04:57.002,/master/sign-in,625
2022-02-26 12:04:58.454,/master/welcome,648
2022-02-26 12:04:58.864,/master/welcome,312
2022-02-26 12:04:59.659,/master/welcome,636
2022-02-26 12:05:02.189,/master/welcome,385
2022-02-26 12:05:02.683,/master/welcome,432
2022-02-26 12:05:03.585,/anonymous/user-account/create,658
2022-02-26 12:05:05.787,/master/welcome,616
2022-02-26 12:05:08.352,/master/welcome,495
2022-02-26 12:05:09.216,/master/sign-in,660
2022-02-26 12:05:10.668,/master/welcome,632
2022-02-26 12:05:10.991,/master/welcome,263
2022-02-26 12:05:11.732,/master/welcome,604
2022-02-26 12:05:14.155,/master/welcome,307
2022-02-26 12:05:14.515,/master/welcome,316
2022-02-26 12:05:15.293,/anonymous/user-account/create,620
2022-02-26 12:05:17.693,/master/welcome,635
2022-02-26 12:05:20.083,/master/welcome,308
2022-02-26 12:05:20.821,/master/sign-in,600
2022-02-26 12:05:22.255,/master/welcome,617
2022-02-26 12:05:22.563,/master/welcome,249
2022-02-26 12:05:23.317,/master/welcome,612
2022-02-26 12:05:25.728,/master/welcome,298
2022-02-26 12:05:26.054,/master/welcome,291
2022-02-26 12:05:26.853,/anonymous/user-account/create,630
2022-02-26 12:05:29.126,/master/welcome,617
2022-02-26 12:05:31.487,/master/welcome,295
2022-02-26 12:05:32.27,/master/sign-in,616
2022-02-26 12:05:33.687,/master/welcome,616
2022-02-26 12:05:34.011,/master/welcome,265
2022-02-26 12:05:34.811,/master/welcome,641
2022-02-26 12:05:37.235,/master/welcome,310
2022-02-26 12:05:37.558,/master/welcome,293
2022-02-26 12:05:38.326,/anonymous/user-account/create,635
2022-02-26 12:05:40.518,/master/welcome,634
2022-02-26 12:05:42.893,/master/welcome,277
2022-02-26 12:05:43.663,/master/sign-in,633
2022-02-26 12:05:45.113,/master/welcome,631
2022-02-26 12:05:45.436,/master/welcome,251
2022-02-26 12:05:46.188,/master/welcome,617
2022-02-26 12:05:48.591,/master/welcome,277
2022-02-26 12:05:48.918,/master/welcome,295
2022-02-26 12:05:49.699,/anonymous/user-account/create,636
2022-02-26 12:05:51.903,/master/welcome,617
2022-02-26 12:05:54.261,/master/welcome,279
2022-02-26 12:05:55.032,/master/sign-in,634
2022-02-26 12:05:56.496,/master/welcome,634
2022-02-26 12:05:56.834,/master/welcome,266
2022-02-26 12:05:57.589,/master/welcome,616
2022-02-26 12:05:59.968,/master/welcome,283
2022-02-26 12:06:00.289,/master/welcome,289
2022-02-26 12:06:01.06,/anonymous/user-account/create,631
2022-02-26 12:06:03.23,/master/welcome,630
2022-02-26 12:06:05.595,/master/welcome,283
2022-02-26 12:06:06.352,/master/sign-in,613
2022-02-26 12:06:07.785,/master/welcome,615
2022-02-26 12:06:08.12,/master/welcome,263
2022-02-26 12:06:08.875,/master/welcome,614
2022-02-26 12:06:11.347,/master/welcome,340
2022-02-26 12:06:11.666,/master/welcome,279
2022-02-26 12:06:12.42,/anonymous/user-account/create,616
2022-02-26 12:06:15.313,/master/welcome,1185
